{"train_losses": [8.056841850280762, 1.4130661487579346, 1.1419346332550049, 0.8756605386734009, 0.465320348739624, 0.24868370592594147, 0.19678421318531036, 0.16322505474090576, 0.13695065677165985, 0.28124183416366577, 0.3328123390674591, 0.2000366896390915, 0.12472575902938843, 0.1308443546295166, 0.2183050811290741, 0.24121099710464478, 0.1505090892314911, 0.08342844992876053, 0.2020207941532135, 0.11444204300642014], "train_accuracies": [0.5912891986062718, 0.7930313588850174, 0.8229965156794425, 0.859581881533101, 0.9097560975609756, 0.9435540069686411, 0.9581881533101045, 0.962020905923345, 0.962020905923345, 0.9397212543554007, 0.9425087108013938, 0.9533101045296167, 0.9742160278745644, 0.9735191637630662, 0.9634146341463414, 0.9662020905923345, 0.9700348432055749, 0.9822299651567944, 0.9623693379790941, 0.9790940766550522], "test_accuracies": [0.4365482233502538, 0.4873096446700508, 0.5076142131979695, 0.6598984771573604, 0.6954314720812182, 0.6472081218274112, 0.6573604060913706, 0.700507614213198, 0.7106598984771574, 0.6192893401015228, 0.6548223350253807, 0.6979695431472082, 0.6903553299492385, 0.7131979695431472, 0.682741116751269, 0.7233502538071066, 0.6903553299492385, 0.7182741116751269, 0.6725888324873096, 0.7131979695431472], "best_epoch": 15, "best_train_loss": 0.24121099710464478, "best_train_accuracy": 0.9662020905923345, "best_test_accuracy": 0.7233502538071066}