{"train_losses": [7.731696605682373, 1.1688405275344849, 0.7911486029624939, 0.4659430980682373, 0.3528307378292084, 0.2720603942871094, 0.22578361630439758, 0.1944696456193924, 0.13340376317501068, 0.1206718385219574, 0.06966987997293472, 0.10020162165164948, 0.31149330735206604, 0.120131716132164, 0.16314861178398132, 0.082639180123806, 0.08295408636331558, 0.1577339768409729], "train_accuracies": [0.6648083623693379, 0.8616724738675958, 0.8811846689895471, 0.9153310104529617, 0.9341463414634147, 0.9407665505226481, 0.9529616724738676, 0.962020905923345, 0.9662020905923345, 0.9696864111498258, 0.981184668989547, 0.975609756097561, 0.9418118466898955, 0.972822299651568, 0.9668989547038328, 0.980836236933798, 0.9846689895470383, 0.9714285714285714], "test_accuracies": [0.5609137055837563, 0.5862944162436549, 0.6548223350253807, 0.6776649746192893, 0.7208121827411168, 0.6878172588832487, 0.6852791878172588, 0.7309644670050761, 0.6979695431472082, 0.7208121827411168, 0.6878172588832487, 0.6954314720812182, 0.7639593908629442, 0.7385786802030457, 0.7309644670050761, 0.7385786802030457, 0.7639593908629442, 0.5989847715736041], "best_epoch": 12, "best_train_loss": 0.31149330735206604, "best_train_accuracy": 0.9418118466898955, "best_test_accuracy": 0.7639593908629442}